source_schema,source_table,source_column,target_schema,target_table,target_column,transformation_type,transformation_logic
IDAMP,products,product_id,IDAMP,products,product_id,identity,
IDAMP,products,product_name,IDAMP,products,product_name,identity,
IDAMP,products,category,IDAMP,products,category,identity,
IDAMP,products,standard_price,IDAMP,products,standard_price,identity,
IDAMP,sales_data,transaction_id,IDAMP,sales_data,transaction_id,identity,
IDAMP,sales_data,transaction_date,IDAMP,sales_data,transaction_date,identity,
IDAMP,sales_data,store_id,IDAMP,sales_data,store_id,identity,
IDAMP,sales_data,product_id,IDAMP,sales_data,product_id,identity,
IDAMP,sales_data,product_name,IDAMP,sales_data,product_name,identity,
IDAMP,sales_data,category,IDAMP,sales_data,category,identity,
IDAMP,sales_data,quantity,IDAMP,sales_data,quantity,identity,
IDAMP,sales_data,unit_price,IDAMP,sales_data,unit_price,identity,
IDAMP,sales_data,total_amount,IDAMP,sales_data,total_amount,identity,
IDAMP,sales_data,customer_segment,IDAMP,sales_data,customer_segment,identity,
IDAMP,sales_data,payment_method,IDAMP,sales_data,payment_method,identity,
IDAMP,stores,store_id,IDAMP,stores,store_id,identity,
IDAMP,stores,store_name,IDAMP,stores,store_name,identity,
IDAMP,stores,region,IDAMP,stores,region,identity,
IDAMP,stores,city,IDAMP,stores,city,identity,
IDAMP,stores,state,IDAMP,stores,state,identity,
